,RMSE,MAE,R2
AdaBoost,0.7507652638609447,0.5868181985810605,0.5698682695406753
