,RMSE,MAE,R2
Neural Network,0.5207624607914471,0.3519480278720717,0.7930466403445929
